URL;Aanmaken;Account;Adres;Afhalen;Afleveren;Bestel;Bestellen;Bestellingen;Betalen;Bevestiging;Bezorging;Inloggen;Klanten;Kom langs;Koop;Kopen;Maten;Ontvangen;Openingstijden;Ophalen;Order;Product;Producten;Servers;Shop;Showroom;Thuiswinkel;Versturen;Verzenden;Verzending;Verzendkosten;Vestiging;Vestigingen;Wachtwoord;Web;Winkel;Winkelmand;Winkels;Winkelwagen;Zaterdag;Zoeken;WordCount;PageCount
http://www.123tijdschrift.nl;0;238;52;0;0;1238;58;1;5;27;3;0;136;0;78;4;1;38;0;0;187;142;7;0;5;0;0;1;0;2;1;28;0;0;123;3;0;1;0;36;0;228095;119
http://www.actievandedag.nl;2;491;17;0;0;16;2;2;27;69;0;179;212;0;18;34;3;8;72;0;125;163;120;0;76;0;0;0;2;4;5;69;1;16;349;8;0;2;0;12;5;64297;57
http://www.afuture.nl;1;28;24;32;1;225;185;2;4;2;0;30;43;0;12;2;0;11;5;0;28;68;30;2;0;0;0;0;22;4;4;2;0;9;16;12;0;0;10;7;5;12262;26
http://www.albelli.nl;2;670;327;0;2;145;21;8;15;3;16;160;277;0;1;0;35;5;6;2;1068;939;471;0;93;0;0;4;9;3;374;3;0;16;532;657;495;0;162;3;89;158174;82
http://www.allecondooms.nl;1;1;11;7;9;1320;59;118;262;5;13;0;527;0;244;175;52;8;4;3;131;612;166;0;48;4;144;3;1;132;46;7;0;0;27;667;3;2;480;0;4;83680;114
http://www.allekabels.nl;0;5884;12;0;0;2936;955;0;0;984;0;8;4890;0;1022;0;3;0;0;0;1959;12914;7899;0;0;0;0;0;0;0;0;984;0;16;1958;41425;0;0;41407;0;1;2886456;986
http://www.allergieshop.nl;0;1785;1530;0;0;1020;255;0;0;0;255;255;255;0;766;0;0;0;765;510;765;10455;255;0;10968;0;255;0;0;0;255;0;0;510;0;1528;0;0;763;0;510;1038766;255
http://www.allergiewinkel.nl;0;154;0;0;0;1240;77;77;94;2;78;154;366;0;13;31;3;0;0;0;0;1173;116;0;318;233;0;0;0;94;0;2;0;0;156;52;0;1;50;5;2;119237;117
http://www.allergiezorg.nl;0;529;1056;1;0;883;354;0;178;0;355;0;531;0;0;0;0;0;529;352;528;709;357;0;0;0;353;0;1;0;177;0;0;352;177;529;0;0;176;0;176;320121;177
http://www.alleslingerie.nl;6;1796;2389;297;0;2206;604;304;11;5;632;302;310;0;15;1;346;5;592;592;1495;4358;933;0;713;0;0;0;1;2;8;5;0;598;886;3051;0;0;2296;43;1193;1017404;299
http://www.allesvooruwvloer.nl;0;510;408;0;0;306;102;0;204;0;0;0;102;0;0;0;0;0;0;0;0;612;306;0;0;0;204;0;0;102;0;0;0;510;102;1122;0;0;918;0;204;121992;102
http://www.alletheorieboeken.nl;0;306;306;0;0;1224;153;0;459;0;0;306;306;0;0;0;0;0;0;0;1224;8262;459;0;2295;0;0;0;0;0;0;0;0;306;918;2754;0;0;2601;0;153;456161;154
http://www.allezadenkopen.nl;0;104;26;0;7;459;289;53;48;3;2;0;53;0;53;387;5;14;1;0;80;164;114;0;38;0;71;0;2;51;84;5;0;0;93;103;8;0;17;0;23;38045;52
http://www.allpax.nl;470;472;23;0;7;64;2;2;7;4;3;143;39;0;14;2;1;9;0;1;7;81;41;1;37;0;59;0;1;2;159;6;0;337;73;431;0;1;368;0;0;41424;39
http://www.allsecur.nl;0;11;36;0;0;0;0;0;64;2;0;62;82;0;38;43;3;3;4;0;54;52;44;0;8;0;0;6;0;0;0;2;0;9;95;0;0;0;0;2;4;54705;48
http://www.altijdlekkervlees.nl;0;156;130;1;7;390;61;9;104;5;19;48;52;0;19;19;3;22;0;0;258;318;127;0;3;0;27;2;0;2;3;7;0;183;70;100;47;0;7;1;86;85977;42
http://www.antratek.nl;2;69;65;0;0;327;17;1;44;0;33;32;29;0;58;1;0;1;0;0;115;379;153;0;30;0;5;0;0;33;23;0;0;62;100;60;0;0;46;0;42;61877;29
http://www.avantisport.nl;0;47;6;0;0;17;1;0;9;0;0;27;50;0;3;0;0;1;0;8;1;110;33;0;482;0;0;0;0;0;50;0;0;8;54;70;1;1;62;0;8;24760;24
http://www.bakgoed.nl;0;630;628;26;7;957;2;12;457;12;18;0;0;0;2194;0;1;6;0;0;831;1929;253;1;208;0;0;0;227;454;17;14;0;414;658;2076;0;0;1550;25;421;697863;207
http://www.bbeachi.nl;0;13;3;0;0;15;0;0;0;0;0;39;0;0;57;0;0;1;0;4;31;169;34;13;41;0;0;0;0;0;15;0;0;0;113;87;0;0;40;0;3;12198;13
http://www.beenmode.nl;1;222;19;0;7;365;53;10;117;5;5;108;365;0;33;85;291;9;0;0;8;470;355;0;283;0;29;3;4;251;15;7;0;0;234;312;151;1;109;3;295;139654;108
http://www.bol.com;2;3663;1060;0;0;2689;644;278;85;32;1872;274;1235;0;1143;681;179;2;0;203;3524;13354;188;0;237;0;274;1;1;427;80;34;0;1;1612;3004;0;5;1648;15;174;715821;432
http://www.cameranu.nl;3;2015;63;9;9;12368;57;27;68;157;23;8;3018;0;217;577;657;25;1139;8;2219;4129;2808;0;2139;0;23;25;595;683;17;158;14;5;635;1281;572;7;0;1161;19;1561746;588
http://www.cheaptickets.nl;0;4235;69;0;0;0;0;0;0;146;0;146;24;0;13;4;0;0;0;0;33;1753;1;0;733;0;438;0;0;0;0;146;0;0;2744;438;0;0;0;0;72;61506;81
http://www.condoom-anoniem.nl;0;128;196;130;7;724;666;3;449;2;3;126;256;0;38;167;148;10;0;1;11;1026;65;0;19;0;92;1;383;475;9;3;0;0;530;1033;0;0;879;0;0;172668;127
http://www.deonlinedrogist.nl;0;176;88;0;0;515;127;4;0;0;1;176;450;0;2;103;0;0;0;0;3;367;226;0;262;0;176;0;0;402;180;0;0;0;560;932;0;0;692;0;1;118112;88
http://www.essent.nl;0;74;83;0;0;3;0;0;6;5;0;61;165;0;10;5;0;12;0;3;46;54;46;0;8;0;0;6;0;0;0;5;0;32;64;1;0;0;0;2;8;25541;51
http://www.etsy.com/shop/jessiestyle;0;99;0;0;0;0;0;0;0;0;0;0;0;0;0;0;11;0;0;0;13529;33;0;11;930;0;0;0;0;0;0;0;0;0;4256;0;0;0;0;0;0;437829;838
http://www.hackerstore.nl;1;2;25;0;0;151;100;10;10;24;1;98;1;0;7;8;3;13;0;4;7;36;7;3;913;0;0;13;0;3;5;24;0;6;45;104;0;0;103;0;7;96339;98
http://www.hobbyelectronica.nl/info/contact;0;199;2;1;0;99;0;1;98;0;0;0;0;0;0;0;0;98;0;0;196;1318;294;0;99;0;0;1;300;0;0;0;0;0;1275;1474;98;0;101;0;196;71575;98
http://www.hotelSpecials.nl;0;0;2;0;0;0;0;0;149;0;0;0;301;0;5;148;0;148;0;0;2073;149;0;0;4;0;0;0;0;0;0;0;0;0;890;3;0;2;0;0;0;171052;150
http://www.hotels.nl;0;546;2;0;0;0;0;0;4;4;0;0;12;0;14;0;0;6;14;0;1366;131;6;2;209;0;0;0;0;0;0;4;0;0;823;2;0;0;2;2;2;243872;97
http://www.ibood.com/nl/nl;3;82;72;0;4;213;37;22;20;20;2;11;18;0;27;27;5;26;0;1;8;187;28;1;39;0;0;9;9;28;18;21;1;8;81;9;5;0;4;1;6;35428;37
http://www.inshared.nl;0;4;6;0;0;0;0;0;4;0;0;8;12;0;14;0;0;0;0;0;0;10;0;0;0;0;4;0;20;0;0;0;0;0;20;6;0;0;0;0;26;8192;60
http://www.kiwi-electronics.nl;0;4;10;1;0;1820;1767;8;1;225;1;219;219;0;0;0;0;7;6;5;1;2874;222;0;9;18;0;0;4;21;3;225;0;0;446;221;0;0;219;2;1;202407;221
http://www.knijpertjes.nl;0;112;112;0;0;112;0;0;56;0;0;56;112;0;0;0;0;0;0;0;112;168;56;0;112;0;0;0;0;0;0;0;0;112;56;168;0;0;112;0;0;72576;56
http://www.landal.nl;0;331;10;1;0;5;1;0;6;20;0;1;0;0;6;4;0;8;1;119;277;5;5;0;84;0;2;1;1;0;0;20;0;0;2195;212;0;6;0;25;21;387893;167
http://www.maxict.nl;0;11685;1882;1816;0;3736;1819;49;1846;70;0;1811;20213;0;4862;1821;1880;21;2;0;10993;26459;18442;5487;3725;1;1;1809;1906;21;126;70;0;5;11199;20366;0;4;20354;5;7239;9815478;1818
http://www.monuta.nl;2;5;11;0;0;0;0;0;8;0;0;0;2;0;1;2;0;4;0;0;0;11;10;0;0;0;0;0;0;0;0;6;3;0;15;0;0;0;0;0;47;16316;42
http://www.motorkleding.nl;0;143;5;5;0;68;46;0;14;1;0;136;216;0;2;6;15;11;0;0;5;1408;105;0;512;0;5;0;0;5;8;1;0;8;68;293;0;0;207;0;76;70459;68
http://www.online-shoppen-nederland.nl;0;1;85;0;0;33;20;0;1;0;0;0;14;0;32;78;3;90;2;3;926;186;123;3;2191;2;0;3;86;0;0;0;0;0;2149;1016;3;405;0;86;23;147258;87
http://www.online-store.nl/;4;9;128;1;7;1162;295;12;415;36;3;176;117;0;217;28;2;23;0;2;11;477;62;2;851;0;0;37;9;7;105;37;0;7;382;743;5;4;463;3;114;81703;85
http://www.onlinemakeup.nl;3;1270;640;2;0;923;126;10;1302;8;1264;630;3160;0;3927;714;2;6;0;1;5;7014;2995;1;746;0;0;28;6;1304;627;8;0;639;1385;9308;3;8;7355;5;1269;1220625;627
http://www.otto.nl;57;456;636;117;28;2334;393;81;922;40;82;179;506;0;253;84;162;220;38;174;284;1543;668;0;1373;0;164;38;0;623;100;45;21;193;427;631;0;27;292;19;74;265636;83
http://www.parfumswinkel.nl;3;692;1883;1;11;2260;496;14;937;3;7;920;1192;0;391;206;2;28;457;461;933;2770;1346;0;65;0;1178;0;10;472;242;6;0;697;298;5297;246;241;228;1;23;716986;229
http://www.raamtekening.nl;0;1;2;0;0;357;44;0;1;1;0;88;0;0;52;4;0;0;0;0;2;104;11;0;467;0;0;1;0;0;4;1;0;0;92;412;0;0;180;0;49;16047;44
http://www.realdutchfood.com;0;240;281;0;0;1739;1327;8;129;0;0;117;240;0;47;11;2;3;0;0;336;5044;4832;0;15;0;0;8;244;8;479;0;0;234;140;296;6;0;276;0;153;346629;118
http://www.redcoon.nl;0;0;0;0;0;0;0;0;0;0;0;0;4;0;0;8;0;0;0;0;0;8;4;0;0;0;0;0;0;0;0;0;0;0;0;0;0;0;0;0;0;748;4
http://www.reisartikelen.nl;0;576;1008;0;0;728;0;0;0;0;0;144;1008;0;0;0;0;0;288;288;432;2304;864;0;580;0;0;0;144;152;0;0;0;720;432;1008;0;0;576;0;140;274308;144
http://www.rentalcars.com;2;3581;839;3;117;2;0;0;17;5;0;4;206;0;98;8;5;3;50;35;17348;30;3;1;8;0;0;2;0;0;0;5;0;229;3418;8;0;1;0;81;25;1619705;116
http://www.sieradenshop.nl;0;2;31;0;0;66;61;2;113;0;1;1;179;0;79;6;3;0;15;0;0;54;6;0;508;0;0;0;0;80;0;15;0;63;204;174;31;0;0;30;0;19274;46
http://www.sliponline.nl;1;11;1;0;0;7;4;1;5;0;0;5;1;0;1;2;6;0;0;0;0;4;2;0;0;0;0;0;0;0;1;0;0;3;2;3;0;0;1;0;0;820;132
http://www.sneakershop.nl;112;787;673;0;0;341;112;0;112;0;0;112;112;0;0;0;0;0;224;224;113;336;221;0;931;0;0;0;0;0;0;0;0;112;117;448;0;0;448;0;333;105518;114
http://www.sneltoner.nl;0;103;25;0;7;211;115;14;94;2;3;3;281;0;65;7;0;11;1;0;6;87;33;0;7;0;29;0;3;3;1;4;0;36;34;100;67;0;0;0;1;27303;149
http://www.spartoo.nl;1593;6568;3260;1;11;3595;42;28;21;4;8;0;1760;0;2013;80;125158;28;0;3;54;67386;6534;0;8598;4;26;2;0;6;19;8;0;3201;3669;3720;1735;286;1;2;48;10087974;1677
http://www.stropdas-mode.nl;0;0;2;0;0;0;0;0;0;0;0;0;0;0;17;73;2;0;1;0;0;6;2;0;109;0;0;0;0;0;77;0;0;0;115;72;0;0;38;0;1;30459;58
http://www.stropdassenwinkel.nl;0;59;0;0;0;375;238;0;0;0;0;0;59;0;75;0;1;0;0;2;0;0;0;0;761;0;0;3;0;0;59;0;0;0;3;1817;0;118;0;0;166;75653;97
http://www.thuisbezorgd.nl;0;152;176;2;0;1214;1148;0;74;0;10;0;7;0;10;0;0;1;0;0;27;0;0;4;0;0;0;0;1;0;0;0;0;0;272;7;1;0;0;0;2;55222;82
http://www.trendyspeelgoed.nl;2;102;160;14;0;373;54;39;125;3;0;4;504;1;346;8;3;1;4;1;127;1403;112;0;254;0;0;23;33;130;69;3;0;10;790;839;277;8;0;1;10;144067;119
http://www.vakantieveilingen.nl;217;48;187;0;0;12;6;0;92;175;1;221;476;0;61;10;0;5;19;0;237;1078;802;0;493;0;0;0;0;2;1;175;174;3;45;5;0;2;0;12;6;204290;214
http://www.vanallesenmeer.nl;0;233;9;0;0;1355;336;113;115;2;1;1;116;0;23;25;0;2;0;8;487;1685;428;112;452;0;0;0;114;233;455;2;0;7;1013;562;0;1;225;0;6;164139;112
http://www.versio.nl;22;53;41;0;0;131;88;0;121;0;1;5;381;0;43;7;0;1;2;1;2;146;136;39;56;0;0;2;2;0;0;0;0;5;785;64;60;0;3;0;67;48910;60
http://www.videoland.com;0;148;0;0;0;0;0;0;0;0;0;74;74;0;0;0;0;0;0;0;0;0;0;0;0;0;0;0;0;0;0;0;0;0;0;0;0;0;0;0;0;9388;74
http://www.vliegtickets.nl;1;17;92;0;7;11;0;2;37;14;2;138;286;0;141;9;1;16;11;278;204;259;33;3;8;0;129;0;1;1;0;16;0;1;169;161;0;5;1;7;87;105090;67
http://www.vrijuit.nl;456;1140;1417;0;0;2;0;0;36;2;0;684;899;0;7;259;2;0;8;231;320;238;233;0;3;0;0;233;0;0;0;2;0;1152;2856;30;0;24;0;47;955;849103;243
http://www.waterfilterexpert.nl/;0;3;1;1372;0;2442;2413;3;688;1;0;687;1373;0;1380;697;694;1;0;0;0;4507;3444;0;686;0;0;1;6;1;2067;1;0;0;0;2752;1;0;686;0;0;375117;686
http://www.weekendjeweg.nl;0;59;112;0;0;7;5;0;0;0;0;0;0;0;63;0;0;0;0;0;2;0;0;0;59;0;0;1;0;0;0;0;0;0;1;59;0;0;0;0;1;19793;59
http://www.wehkamp.nl;53;159;11;69;2;209;18;60;85;5;18;106;179;0;20;55;320;9;1;11;92;678;8;17;337;0;53;0;0;1;115;5;0;34;234;96;12;1;0;14;2;63397;53
http://www.zalando.nl;0;993;737;0;0;985;4;241;2;3;1;974;714;0;238;254;876;1;0;2;864;1395;211;0;10198;0;0;483;241;258;1;3;0;974;3383;269;3;4;251;0;1;400161;241
http://www.allrisk-verzekering.nl;0;0;14;0;0;0;0;0;2;0;0;0;12;0;4;0;0;0;0;0;2;0;0;0;0;0;0;1;0;0;0;0;0;0;1;0;0;0;0;14;3;3652;21
http://www.amazingcakes.nl;0;0;11;9;0;3660;3257;314;29;1;9;0;5;0;12;5;44;17;333;5;85;354;8;0;1655;0;0;0;60;5;30;2;0;0;3880;4684;0;0;1171;72;316;374236;288
http://www.amazon.com;0;750;0;0;0;0;0;0;0;0;0;0;0;0;0;0;0;0;0;0;1570;794;0;8;958;0;0;0;0;0;0;0;0;0;747;0;0;0;0;0;0;238154;102
http://www.america-today.com;0;177;0;354;0;177;177;0;177;0;174;0;0;0;0;0;0;0;0;0;354;9;0;0;0;0;0;0;174;0;0;0;0;0;885;0;0;0;0;0;0;245271;177
http://www.amsklokken.nl;1;169;400;10;7;498;113;4;154;14;2;1;66;0;32;12;4;26;105;104;391;517;107;0;52;111;23;1;111;168;62;16;1;104;215;165;1;55;67;0;55;137257;52
http://www.angelascupcakefactory.nl;0;23;36;0;0;131;60;0;92;0;0;23;0;12;46;0;12;0;34;12;299;58;35;0;175;0;0;0;46;0;12;0;0;0;279;141;59;0;23;0;11;34819;23
http://www.anwb.nl/webwinkel;16;30;18;0;0;10;3;0;15;0;0;14;1;0;3;28;0;0;0;0;4;31;16;0;8;0;0;0;0;0;1;0;0;2;96;105;0;37;0;0;2;11838;15
http://www.apple.com/nl/;0;133;0;0;0;181;120;0;1;0;0;0;2;0;66;121;0;1;0;0;5;16;13;0;180;0;0;0;0;1;0;0;0;8;52;60;0;0;0;0;66;18015;60
http://www.badkamer.nl;0;0;27;0;7;353;3;200;9;10;2;0;7;0;120;25;17;16;202;0;11;455;166;0;13;320;24;1;2;1;101;14;0;0;38;234;206;0;0;6;4;87090;99
http://www.batavus.nl;0;0;37;1;0;12;7;0;0;4;0;1;2;0;79;16;16;12;0;1;26;20;5;0;206;112;0;0;1;0;0;4;1;0;1849;904;0;260;1;2;176;119552;93
http://www.bcc.nl;0;5;37;998;3;597;232;14;55;13;121;0;284;0;198;98;19;3;6;0;1577;6889;424;0;305;0;6;3;6;3;5;20;6;0;82;3304;0;865;1488;17;158;357277;130
http://www.blokker.nl;0;1;1361;0;0;2190;213;0;0;13;1669;10;443;0;109;46;28;6;0;2;11209;30943;271;0;3701;0;0;0;191;0;0;213;3;0;237;5232;197;2071;2499;1644;405;1469057;215
http://www.boerenbond.nl;3;960;103;2;0;6390;375;240;522;6;3;244;5;0;135;118;636;13;12;244;1009;4624;3842;0;859;0;2;0;6;257;242;6;0;11;875;3246;2;741;516;3;4;398073;238
http://www.c-and-a.com/nl/nl/shop/index.html;0;44;0;0;0;110;44;44;0;0;0;0;22;0;44;22;22;0;0;0;264;550;0;0;308;0;0;0;0;44;0;0;0;0;726;66;22;22;0;0;22;48994;22
http://www.centerparcs.nl;8;267;34;0;0;183;9;0;33;2;0;8;4;0;138;2;0;12;3;1;5;432;31;0;286;0;0;2;1;0;0;2;0;1;280;11;0;2;0;100;178;336639;128
http://www.cupcake-store.nl;512;1024;266;526;7;3611;3030;522;780;7;4;256;521;0;810;7;13;12;0;0;9;852;546;0;1012;0;0;4;267;517;268;8;0;512;7806;6250;1292;1;256;2;258;479756;257
http://www.debijenkorf.nl;93;1023;309;2;1;342;48;10;76;4;20;318;233;0;49;30;564;25;30;58;1018;10874;94;1;668;0;53;2;5;5;10;10;1;451;133;218;47;19;0;21;7;122096;57
http://www.decathlon.nl;9;523;908;21;11;611;50;211;163;6;114;94;385;0;177;198;42;26;0;9;1067;13759;156;10;446;0;116;2;0;119;14;32;21;387;3604;1571;1;182;389;2;19;413495;105
http://www.dell.nl;0;36;0;0;0;3;0;1;0;0;0;0;0;0;0;1;0;0;0;0;110;84;64;25;3;0;0;0;0;0;0;0;0;0;13;3;0;0;0;0;1;7661;16
http://www.douglas.nl;0;86;326;309;0;1089;164;3;0;0;1;116;149;0;78;139;26;3;0;155;493;1053;340;0;1032;0;0;0;0;2;3;0;0;4;520;329;315;5;0;1;11;295755;209
http://www.euromaster.nl;0;12;128;1;0;17;1;0;6;4;3;3;84;0;141;310;5;6;78;0;236;19;16;0;1;0;0;0;0;0;1;234;167;0;596;425;0;0;1;1;14;94692;115
http://www.europcar.nl;4;187;43;5;0;101;2;0;15;13;0;4;51;0;34;2;0;3;69;30;13;78;72;0;14;0;0;0;1;0;0;513;324;8;370;0;0;0;0;4;14;100410;58
http://www.expert.nl;0;793;545;151;10;355;9;15;6;4;2;132;24;3;157;261;174;21;0;2;319;14975;912;0;1186;0;23;4;0;14;1;6;0;534;491;2036;5;792;136;17;322;554777;132
http://www.fietsenwinkel.nl;468;234;491;123;0;822;38;1;80;17;3;0;1067;15;352;101;6;34;29;14;941;7764;510;0;508;0;5;0;0;0;4;17;0;468;1411;5503;237;1134;2;760;247;794920;234
http://www.flavourites.nl;1;33;15;0;0;2;0;0;2;0;0;37;0;0;8;0;1;8;0;0;10;52;35;0;323;0;0;5;0;0;0;0;0;3;314;18;0;2;0;0;2;10400;22
http://www.fonq.nl;0;129;12;1;7;881;76;69;98;4;80;130;336;1;117;34;7;11;1;2;17;1429;220;0;295;213;24;0;1;82;3;6;0;2;147;89;2;2;54;7;3;112289;117
http://www.frontrunner.nl/;44;60;23;2;7;388;154;5;180;2;10;95;200;0;112;7;34;4;45;3;90;108;28;0;165;0;0;0;8;46;3;3;1;6;64;280;0;155;51;12;48;56757;52
http://www.gamma.nl;1;10;23;2;0;179;16;11;9;1;10;50;13;0;84;21;2;2;62;4;11;3999;170;0;19;0;4;0;1;0;0;4;0;2;200;53;0;3;38;7;271;73927;45
http://www.gazelle.nl;0;2;179;3;0;50;28;0;2;2;0;0;2;1;0;3;1;3;3;1;3;13;3;2;0;1;0;0;0;0;0;3;0;0;77;71;27;12;0;5;6;46995;148
http://www.hema.nl;1;726;30;9652;1;395;47;42;379;3;4;713;1476;0;14;12;5100;8;22;21;30;538;37;1;10837;0;353;14;0;0;377;3;0;0;3265;19747;37;14;0;368;17;1127086;381
http://www.hipandgreen.com;0;721;0;0;0;0;0;0;0;0;0;0;0;0;0;0;0;0;0;0;4788;1754;0;0;729;0;0;0;0;0;0;0;0;0;327;0;0;0;0;0;0;133519;35
http://www.hm.com/nl;0;0;0;0;0;57;26;5;0;0;0;3;8;0;1;26;0;0;0;0;32;981;23;0;984;0;0;0;0;0;0;0;0;0;6;30;0;26;0;0;0;24852;26
http://www.hunkemoller.nl;252;126;759;126;0;751;248;0;375;0;0;0;380;0;5;0;127;0;0;126;253;1513;504;0;1012;0;127;0;128;127;0;0;0;252;1636;1766;752;128;0;1;0;354339;127
http://www.iqstudio.nl/;0;0;0;0;0;0;0;0;0;0;0;0;0;0;0;0;0;0;0;0;40;0;0;0;4;0;0;0;0;0;0;0;0;0;12;0;0;0;0;0;10;1618;4
http://www.jeanscentre.nl;1;137;148;125;7;53;3;2;138;7;2;130;169;0;153;2;0;20;0;3;294;1965;193;0;135;0;21;0;252;3;9;9;0;5;249;754;87;383;1;1;5;116971;124
http://www.johnbeerens.com;8;1217;634;5;2;8772;97;15;48;4;616;1227;497;0;63;135;13;219;5;6;3070;3934;2430;0;1306;0;0;5;3;213;19;4;0;410;2317;921;1;5;408;13;458;897931;204
http://www.kijkshop.nl;1;27;1252;387;16;974;34;78;446;39;38;17;631;0;1059;208;11;73;310;28;621;1174;200;0;2477;0;26;1;6;46;339;47;6;14;448;2430;56;698;565;291;14;365480;285
http://www.koffiediscounter.nl;0;138;2787;4291;16;4107;3072;4;27;18;3;0;1988;7;683;218;82;9;2231;8;212192;50897;7468;0;15959;3999;139;277;2;841;416;19;0;0;46745;12426;10330;1;800;591;19;1506372;148
http://www.kruidvat.nl;0;270;276;791;0;2445;276;12;260;3;2;9;326;0;814;14;6;11;260;3;15;1031;969;0;24;0;260;0;0;0;261;5;0;11;78;5255;2519;827;0;5;1035;563838;261
http://www.kwik-fit.nl;0;7;57;0;0;46;9;0;40;0;0;2;386;12;63;24;10;6;4;0;0;218;112;1;86;0;0;1;0;0;0;619;344;4;232;90;0;0;87;166;6;105364;80
http://www.landal.com;0;355;1;0;0;0;0;0;0;0;0;0;0;0;0;0;0;0;0;0;181;4;0;0;1;0;0;0;0;0;0;0;0;0;1972;365;0;0;0;0;0;242829;177
http://www.leenbakker.nl;2;10;1072;222;8;1726;818;36;225;204;67;10;445;1;84;267;92;22;0;0;8677;27549;884;3;3478;0;220;2;175;1;0;208;1;0;286;3682;356;528;2041;232;366;1171249;191
http://www.lidl-shop.nl/;145;625;337;4;9;343;169;18;162;31;9;421;170;0;33;57;3;33;3;4;8;476;41;0;493;0;165;1;282;44;41;34;1;577;388;354;0;0;42;163;419;128846;139
http://www.lookx.com;0;0;0;0;0;21;0;10;121;0;0;2;2;0;14;0;1;0;0;0;120;386;241;0;1677;0;1;5;1;0;10;0;0;2;120;243;0;0;242;0;0;87649;120
http://www.mediamarkt.nl;1;1304;71;132;0;19627;3007;31;15;85;12;0;31;2;52;346;182;5;3;2;2287;31808;1046;0;946;0;867;1;2;1;8724;100;9;0;1431;9728;0;490;1;1;834;1857867;447
http://www.miele.nl;1;44;51;0;8;83;21;5;16;9;2;6;8;0;65;4;6;22;1;0;18;234;130;1;104;0;29;5;3;3;6;13;1;20;90;40;1;0;6;9;16;30335;36
http://www.paradigit.nl;487;1240;39;256;0;795;251;1;242;3;0;481;557;25;18344;97;61;11;0;0;1639;6532;668;967;766;0;0;11;1;493;2;3;0;987;3183;4782;2151;1029;0;2;14;713636;253
http://www.petsplace.nl;3;900;161;2;0;6209;394;229;508;4;6;229;5;0;197;178;647;20;12;228;977;3462;2308;0;832;0;2;0;12;260;227;4;0;11;864;3125;2;689;520;4;7;434617;223
http://www.philips.nl;0;10;12;0;0;6;3;1;1;1;0;0;20;0;24;9;0;3;0;0;97;500;248;2;44;0;0;0;2;1;0;1;0;4;476;3;2;0;0;1;18;72837;41
http://www.phonehouse.nl;1;132;25;48;0;176;124;0;21;1;1;9;326;0;30;6;1;2;0;252;445;1150;171;0;5;0;10;2;1;0;1;3;2;3;523;1663;1;646;535;10;112;133590;123
http://www.prenatal.nl;0;15;134;168;6;379;101;4;31;8;0;84;107;1;25;16;1;14;10;27;276;4265;75;0;1290;0;82;0;5;0;0;11;1;179;264;982;0;285;240;4;86;158603;85
http://www.primera.nl;0;311;239;115;114;1515;396;20;41;10;107;0;555;0;96;45;7;114;948;9;235;2769;116;0;32;0;21;14;7;4;20;14;2;400;833;1738;339;748;1;506;109;336756;108
http://www.profile.nl;0;50;0;0;0;158;12;0;0;0;0;0;2;1;13;33;3;0;0;0;25;18;8;0;9;0;0;0;0;0;0;110;90;0;34;50;0;0;50;0;0;24699;118
http://www.shoeby.nl;511;1035;198;179;9;468;379;7;14;12;7;172;715;0;932;16;129;16;1207;3;441;1263;211;1;933;0;364;1;2;2;7;17;1;174;2797;4057;10;1912;0;865;185;401482;170
http://www.sixt.nl;0;1678;2123;5;221;801;0;0;1;4;0;0;1145;0;1130;0;2;4;703;1855;0;472;1;1;0;0;0;1;0;0;0;2035;1129;476;1183;0;0;0;0;939;685;998695;258
http://www.taartendecoratie.nl;10;268;792;0;0;256;0;253;253;0;0;259;4;0;4;0;0;0;13;0;785;7178;1790;0;383;0;0;0;253;1013;253;0;0;10;526;5331;0;0;4302;5;263;189509;253
http://www.thesting.com/nl-nl/;0;108;0;4;0;437;221;0;216;0;0;108;213;0;0;0;2;0;0;0;15;1942;0;0;662;0;0;0;0;0;0;0;0;0;325;328;0;216;0;108;108;187848;108
http://www.thuisbezorgd.nl;0;152;176;2;0;1214;1148;0;74;0;10;0;7;0;10;0;0;1;0;0;27;0;0;4;0;0;0;0;1;0;0;0;0;0;272;7;1;0;0;0;2;55140;82
http://www.topsnoep.nl;0;516;341;0;0;0;0;0;0;0;0;172;1;0;1;0;0;0;0;0;177;1581;182;0;3;0;0;0;0;6;0;0;0;0;0;700;0;1;180;1;169;102258;172
http://www.tui.nl;0;0;7;0;0;0;0;0;1;4;0;17;5;0;3;2;1;2;2;0;7;6;4;0;2;0;0;0;0;0;0;4;0;0;174;10;0;8;2;20;20;20009;17
http://www.vacansoleil.nl;0;0;20;0;0;3;2;0;143;341;0;116;5;0;3;3;2;2;53;4;1130;16;4;1;6;0;0;1;0;1;1;341;0;0;35;41;0;5;0;227;57;321164;113
http://www.vanharen.nl;0;202;12;0;0;265;105;0;39;3;202;0;584;0;34;85;30;0;0;0;16;3727;12;0;1607;0;3;0;76;2;10;6;3;10;124;147;101;18;0;1;107;184363;166
http://www.wefashion.nl;110;1651;460;0;7;395;4;5;73;2;155;423;9;0;19;5;7;229;119;0;1740;12095;115;0;1357;0;28;2;1;1;4;4;0;634;241;291;111;13;1;0;219;273343;108
http://www.welkoop.nl;1;1406;75;615;7;1157;382;8;394;14;10;362;2348;0;4987;418;53;13;12;747;4952;7607;1026;0;212;0;723;0;352;1;16;28;8;18;824;3771;0;1224;731;2;12;722841;351
http://www.wijnbergermode.nl;0;111;129;0;9;344;106;6;286;4;171;3;107;0;25;9;15;9;100;5;8;529;141;2;133;0;23;1;3;2;8;6;0;8;56;475;1;0;397;4;563;80209;96
http://www.woerdmankookgoedkoop.nl;0;249;166;0;0;83;0;83;166;0;0;83;83;0;415;0;0;0;0;0;0;249;249;0;581;0;0;0;0;83;0;0;0;0;166;1328;249;249;0;0;0;70965;83
http://www.zara.com/nl/;0;456;147;30;0;510;10;40;40;90;0;0;61;0;505;91;10;112;0;0;237;31175;195;0;959;0;0;22;10;130;30;90;0;30;2667;764;50;464;0;2;60;292058;507
http://www.ziggo.nl;10;100;167;10;0;783;300;1;96;30;15;190;1232;2;37;4;0;52;12;0;2478;932;237;0;146;0;0;21;5;2;10;43;3;85;613;53;2;11;0;8;315;363071;149
